<?xml version="1.0" encoding="utf-8"?>
<!--
- phpMyAdmin XML Dump
- version 4.4.13.1
- https://www.phpmyadmin.net
-
- Host: 104.155.2.65:3306
- Generation Time: Mar 12, 2016 at 12:24 PM
- Server version: 5.6.25-google-log
- PHP Version: 5.5.29
-->

<pma_xml_export version="1.0" xmlns:pma="http://www.phpmyadmin.net/some_doc_url/">
    <!--
    - Structure schemas
    -->

    <!--
    - Database: 'biblia'
    -->
    <database name="biblia">
        <!-- Table joom_em_nt_books -->
        <table name="joom_em_nt_books">
            <column name="Index">1</column>
            <column name="bookEN">Matthew</column>
            <column name="bookPT">Mateus</column>
            <column name="bookCode">Matt</column>
            <column name="numChapters">28</column>
        </table>
        <table name="joom_em_nt_books">
            <column name="Index">2</column>
            <column name="bookEN">Mark</column>
            <column name="bookPT">Marcos</column>
            <column name="bookCode">Mark</column>
            <column name="numChapters">16</column>
        </table>
        <table name="joom_em_nt_books">
            <column name="Index">3</column>
            <column name="bookEN">Luke</column>
            <column name="bookPT">Lucas</column>
            <column name="bookCode">Luke</column>
            <column name="numChapters">24</column>
        </table>
        <table name="joom_em_nt_books">
            <column name="Index">4</column>
            <column name="bookEN">John</column>
            <column name="bookPT">Jo</column>
            <column name="bookCode">John</column>
            <column name="numChapters">21</column>
        </table>
        <table name="joom_em_nt_books">
            <column name="Index">5</column>
            <column name="bookEN">Acts</column>
            <column name="bookPT">Actos</column>
            <column name="bookCode">Acts</column>
            <column name="numChapters">28</column>
        </table>
        <table name="joom_em_nt_books">
            <column name="Index">6</column>
            <column name="bookEN">Romans</column>
            <column name="bookPT">Romanos</column>
            <column name="bookCode">Rom</column>
            <column name="numChapters">16</column>
        </table>
        <table name="joom_em_nt_books">
            <column name="Index">7</column>
            <column name="bookEN">1 Corinthians</column>
            <column name="bookPT">1 Cor</column>
            <column name="bookCode">1Cor</column>
            <column name="numChapters">16</column>
        </table>
        <table name="joom_em_nt_books">
            <column name="Index">8</column>
            <column name="bookEN">2 Corinthians</column>
            <column name="bookPT">2 Cor</column>
            <column name="bookCode">2Cor</column>
            <column name="numChapters">13</column>
        </table>
        <table name="joom_em_nt_books">
            <column name="Index">9</column>
            <column name="bookEN">Galatians</column>
            <column name="bookPT">G</column>
            <column name="bookCode">Gal</column>
            <column name="numChapters">6</column>
        </table>
        <table name="joom_em_nt_books">
            <column name="Index">10</column>
            <column name="bookEN">Ephesians</column>
            <column name="bookPT">Ef</column>
            <column name="bookCode">Eph</column>
            <column name="numChapters">6</column>
        </table>
        <table name="joom_em_nt_books">
            <column name="Index">11</column>
            <column name="bookEN">Philippians</column>
            <column name="bookPT">Filipenses</column>
            <column name="bookCode">Phil</column>
            <column name="numChapters">4</column>
        </table>
        <table name="joom_em_nt_books">
            <column name="Index">12</column>
            <column name="bookEN">Colossians</column>
            <column name="bookPT">Colossenses</column>
            <column name="bookCode">Col</column>
            <column name="numChapters">4</column>
        </table>
        <table name="joom_em_nt_books">
            <column name="Index">13</column>
            <column name="bookEN">1 Thessalonians</column>
            <column name="bookPT">1 Tessalonicenses</column>
            <column name="bookCode">1Thess</column>
            <column name="numChapters">5</column>
        </table>
        <table name="joom_em_nt_books">
            <column name="Index">14</column>
            <column name="bookEN">2 Thessalonians</column>
            <column name="bookPT">2 Tessalonicenses</column>
            <column name="bookCode">2Thess</column>
            <column name="numChapters">3</column>
        </table>
        <table name="joom_em_nt_books">
            <column name="Index">15</column>
            <column name="bookEN">1 Timothy</column>
            <column name="bookPT">1 Tim</column>
            <column name="bookCode">1Tim</column>
            <column name="numChapters">6</column>
        </table>
        <table name="joom_em_nt_books">
            <column name="Index">16</column>
            <column name="bookEN">2 Timothy</column>
            <column name="bookPT">2 Tim</column>
            <column name="bookCode">2Tim</column>
            <column name="numChapters">4</column>
        </table>
        <table name="joom_em_nt_books">
            <column name="Index">17</column>
            <column name="bookEN">Titus</column>
            <column name="bookPT">Tito</column>
            <column name="bookCode">Titus</column>
            <column name="numChapters">3</column>
        </table>
        <table name="joom_em_nt_books">
            <column name="Index">18</column>
            <column name="bookEN">Philemon</column>
            <column name="bookPT">Fil</column>
            <column name="bookCode">Phlm</column>
            <column name="numChapters">1</column>
        </table>
        <table name="joom_em_nt_books">
            <column name="Index">19</column>
            <column name="bookEN">Hebrews</column>
            <column name="bookPT">Hebreus</column>
            <column name="bookCode">Heb</column>
            <column name="numChapters">13</column>
        </table>
        <table name="joom_em_nt_books">
            <column name="Index">20</column>
            <column name="bookEN">James</column>
            <column name="bookPT">Tiago</column>
            <column name="bookCode">Jas</column>
            <column name="numChapters">5</column>
        </table>
        <table name="joom_em_nt_books">
            <column name="Index">21</column>
            <column name="bookEN">1 Peter</column>
            <column name="bookPT">1 Pedro</column>
            <column name="bookCode">1Pet</column>
            <column name="numChapters">5</column>
        </table>
        <table name="joom_em_nt_books">
            <column name="Index">22</column>
            <column name="bookEN">2 Peter</column>
            <column name="bookPT">2 Pedro</column>
            <column name="bookCode">2Pet</column>
            <column name="numChapters">3</column>
        </table>
        <table name="joom_em_nt_books">
            <column name="Index">23</column>
            <column name="bookEN">1 John</column>
            <column name="bookPT">1 Jo</column>
            <column name="bookCode">1John</column>
            <column name="numChapters">5</column>
        </table>
        <table name="joom_em_nt_books">
            <column name="Index">24</column>
            <column name="bookEN">2 John</column>
            <column name="bookPT">2 Jo</column>
            <column name="bookCode">2John</column>
            <column name="numChapters">1</column>
        </table>
        <table name="joom_em_nt_books">
            <column name="Index">25</column>
            <column name="bookEN">3 John</column>
            <column name="bookPT">3 Jo</column>
            <column name="bookCode">3John</column>
            <column name="numChapters">1</column>
        </table>
        <table name="joom_em_nt_books">
            <column name="Index">26</column>
            <column name="bookEN">Jude</column>
            <column name="bookPT">Judas</column>
            <column name="bookCode">Jude</column>
            <column name="numChapters">1</column>
        </table>
        <table name="joom_em_nt_books">
            <column name="Index">27</column>
            <column name="bookEN">Revelation</column>
            <column name="bookPT">Apocalipse</column>
            <column name="bookCode">Rev</column>
            <column name="numChapters">22</column>
        </table>
    </database>
</pma_xml_export>