[
  {
    "Index":1,
    "bookEN":"Genesis",
    "bookPT":"Gêneses",
    "bookCode":"Gen",
    "numChapters":50
  },
  {
    "Index":2,
    "bookEN":"Exodus",
    "bookPT":"Êxodo",
    "bookCode":"Exod",
    "numChapters":40
  },
  {
    "Index":3,
    "bookEN":"Leviticus",
    "bookPT":"Levítico",
    "bookCode":"Lev",
    "numChapters":27
  },
  {
    "Index":4,
    "bookEN":"Numbers",
    "bookPT":"Números",
    "bookCode":"Num",
    "numChapters":36
  },
  {
    "Index":5,
    "bookEN":"Deuteronomy",
    "bookPT":"Deuteronômio",
    "bookCode":"Deut",
    "numChapters":34
  },
  {
    "Index":6,
    "bookEN":"Joshua",
    "bookPT":"Josué",
    "bookCode":"Josh",
    "numChapters":24
  },
  {
    "Index":7,
    "bookEN":"Judges",
    "bookPT":"Juízes",
    "bookCode":"Judg",
    "numChapters":21
  },
  {
    "Index":8,
    "bookEN":"Ruth",
    "bookPT":"Rute",
    "bookCode":"Ruth",
    "numChapters":4
  },
  {
    "Index":9,
    "bookEN":"1 Samuel",
    "bookPT":"1 Samuel",
    "bookCode":"1Sam",
    "numChapters":31
  },
  {
    "Index":10,
    "bookEN":"2 Samuel",
    "bookPT":"2 Samuel",
    "bookCode":"2Sam",
    "numChapters":24
  },
  {
    "Index":11,
    "bookEN":"1 Kings",
    "bookPT":"1 Reis",
    "bookCode":"1Kgs",
    "numChapters":22
  },
  {
    "Index":12,
    "bookEN":"2 Kings",
    "bookPT":"2 Reis ",
    "bookCode":"2Kgs",
    "numChapters":25
  },
  {
    "Index":13,
    "bookEN":"1 Chronicles",
    "bookPT":"1 Crônica",
    "bookCode":"1Chr",
    "numChapters":29
  },
  {
    "Index":14,
    "bookEN":"2 Chronicles",
    "bookPT":"2 Crônica",
    "bookCode":"2Chr",
    "numChapters":36
  },
  {
    "Index":15,
    "bookEN":"Ezra",
    "bookPT":"Esdras",
    "bookCode":"Ezra",
    "numChapters":10
  },
  {
    "Index":16,
    "bookEN":"Nehemiah",
    "bookPT":"Neemias",
    "bookCode":"Neh",
    "numChapters":13
  },
  {
    "Index":17,
    "bookEN":"Esther",
    "bookPT":"Ester",
    "bookCode":"Esth",
    "numChapters":10
  },
  {
    "Index":18,
    "bookEN":"Job",
    "bookPT":"Jó",
    "bookCode":"Job",
    "numChapters":42
  },
  {
    "Index":19,
    "bookEN":"Psalms",
    "bookPT":"Salmos",
    "bookCode":"Ps",
    "numChapters":150
  },
  {
    "Index":20,
    "bookEN":"Proverbs",
    "bookPT":"Provérbio",
    "bookCode":"Prov",
    "numChapters":31
  },
  {
    "Index":21,
    "bookEN":"Ecclesiastes",
    "bookPT":"Eclesiastes",
    "bookCode":"Eccl",
    "numChapters":12
  },
  {
    "Index":22,
    "bookEN":"Song of Solomon",
    "bookPT":"Cânticos",
    "bookCode":"Song",
    "numChapters":8
  },
  {
    "Index":23,
    "bookEN":"Isaiah",
    "bookPT":"Isaías",
    "bookCode":"Isa",
    "numChapters":66
  },
  {
    "Index":24,
    "bookEN":"Jeremiah",
    "bookPT":"Jeremias",
    "bookCode":"Jer",
    "numChapters":52
  },
  {
    "Index":25,
    "bookEN":"Lamentations",
    "bookPT":"Lamentações",
    "bookCode":"Lam",
    "numChapters":5
  },
  {
    "Index":26,
    "bookEN":"Ezekiel",
    "bookPT":"Ezequiel",
    "bookCode":"Ezek",
    "numChapters":48
  },
  {
    "Index":27,
    "bookEN":"Daniel",
    "bookPT":"Daniel",
    "bookCode":"Dan",
    "numChapters":12
  },
  {
    "Index":28,
    "bookEN":"Hosea",
    "bookPT":"Oséias",
    "bookCode":"Hos",
    "numChapters":14
  },
  {
    "Index":29,
    "bookEN":"Joel",
    "bookPT":"Joel",
    "bookCode":"Joel",
    "numChapters":3
  },
  {
    "Index":30,
    "bookEN":"Amos",
    "bookPT":"Amós",
    "bookCode":"Amos",
    "numChapters":9
  },
  {
    "Index":31,
    "bookEN":"Obadiah",
    "bookPT":"Obadias",
    "bookCode":"Obad",
    "numChapters":1
  },
  {
    "Index":32,
    "bookEN":"Jonah",
    "bookPT":"Jonas",
    "bookCode":"Jonah",
    "numChapters":4
  },
  {
    "Index":33,
    "bookEN":"Micah",
    "bookPT":"Miquéias",
    "bookCode":"Mic",
    "numChapters":7
  },
  {
    "Index":34,
    "bookEN":"Nahum",
    "bookPT":"Naum",
    "bookCode":"Nah",
    "numChapters":3
  },
  {
    "Index":35,
    "bookEN":"Habakkuk",
    "bookPT":"Habacuque",
    "bookCode":"Hab",
    "numChapters":3
  },
  {
    "Index":36,
    "bookEN":"Zephaniah",
    "bookPT":"Sofonias",
    "bookCode":"Zeph",
    "numChapters":3
  },
  {
    "Index":37,
    "bookEN":"Haggai",
    "bookPT":"Ageu",
    "bookCode":"Hag",
    "numChapters":2
  },
  {
    "Index":38,
    "bookEN":"Zechariah",
    "bookPT":"Zacarias",
    "bookCode":"Zech",
    "numChapters":14
  },
  {
    "Index":39,
    "bookEN":"Malachi",
    "bookPT":"Malaquias",
    "bookCode":"Mal",
    "numChapters":4
  }
]